{
  "best_model": "random_forest",
  "features": [
    "age",
    "trestbps",
    "chol",
    "thalach",
    "oldpeak",
    "ca",
    "sex",
    "fbs",
    "exang",
    "cp",
    "restecg",
    "slope",
    "thal"
  ],
  "test_metrics": {
    "accuracy": 0.9180327868852459,
    "precision": 0.896551724137931,
    "recall": 0.9285714285714286,
    "f1": 0.9122807017543859,
    "roc_auc": 0.972943722943723
  },
  "cv_roc_auc_mean": 0.8969561839127056,
  "all_results": {
    "logistic_regression": {
      "test_metrics": {
        "accuracy": 0.8524590163934426,
        "precision": 0.8064516129032258,
        "recall": 0.8928571428571429,
        "f1": 0.847457627118644,
        "roc_auc": 0.9567099567099567
      },
      "cv_roc_auc_mean": 0.9092919158136548
    },
    "random_forest": {
      "test_metrics": {
        "accuracy": 0.9180327868852459,
        "precision": 0.896551724137931,
        "recall": 0.9285714285714286,
        "f1": 0.9122807017543859,
        "roc_auc": 0.972943722943723
      },
      "cv_roc_auc_mean": 0.8969561839127056
    },
    "xgboost": {
      "test_metrics": {
        "accuracy": 0.8688524590163934,
        "precision": 0.8846153846153846,
        "recall": 0.8214285714285714,
        "f1": 0.8518518518518519,
        "roc_auc": 0.9356060606060606
      },
      "cv_roc_auc_mean": 0.8783588392284045
    }
  }
}